{
    "overall_accuracy_by_turn": [
        0.5066666666666667,
        0.51,
        0.49166666666666664
    ],
    "mean_absolute_error_by_turn": [
        0.49333333333333335,
        0.49,
        0.5083333333333333
    ],
    "mean_squared_error_by_turn": [
        0.49333333333333335,
        0.49,
        0.5083333333333333
    ],
    "degree_specific_accuracy": {
        "0": [
            0.04844290657439446,
            0.0657439446366782,
            0.1453287197231834
        ],
        "1": [
            0.932475884244373,
            0.9228295819935691,
            0.8135048231511254
        ]
    }
}